"HLAname","Num.Unique","Level","Gene","Total","ID","length","RPK","RPKM","TPM","totalNum"
"HLA-C",60,"Gene","HLA-C",60,NA,0.546,109.89010989011,10064118498.9569,12017.8409981521,10919
"HLA-C*12",1,"One-field","HLA-C",49,NA,0.546,89.7435897435897,8219030107.48143,9814.57014849088,10919
"HLA-C*12:61",1,"Two-field","HLA-C",10,"HLA:HLA07055",0.546,18.3150183150183,1677353083.15948,2002.97349969202,10919
"HLA-C*16",7,"One-field","HLA-C",43,NA,0.546,78.7545787545787,7212618257.58574,8612.78604867567,10919
"HLA-A",45,"Gene","HLA-A",45,NA,0.546,82.4175824175824,7548088874.21764,9013.38074861407,10919
"HLA-A*30",16,"One-field","HLA-A",30,NA,0.546,54.9450549450549,5032059249.47843,6008.92049907605,10919
"HLA-A*30:42",1,"Two-field","HLA-A",11,"HLA:HLA05452",0.546,20.1465201465201,1845088391.47542,2203.27084966122,10919
"HLA-B",31,"Gene","HLA-B",31,NA,0.546,56.7765567765568,5199794557.79437,6209.21784904525,10919
"HLA-B*18",2,"One-field","HLA-B",20,NA,0.546,36.6300366300366,3354706166.31895,4005.94699938403,10919
"HLA-E",45,"Gene","HLA-E",45,NA,1.077,41.7827298050139,3826607730.10477,4569.45764971521,10919
"HLA-E*01",45,"One-field","HLA-E",45,NA,1.077,41.7827298050139,3826607730.10477,4569.45764971521,10919
"HLA-E*01:01",6,"Two-field","HLA-E",41,NA,1.077,38.0687093779016,3486464820.76212,4163.28363640719,10919
"HLA-E*01:03",2,"Two-field","HLA-E",39,NA,1.077,36.2116991643454,3316393366.0908,3960.19662975319,10919
"HLA-E*01:01:01",6,"Three-field","HLA-E",41,NA,1.077,38.0687093779016,3486464820.76212,4163.28363640719,10919
"HLA-F",9,"Gene","HLA-F",9,NA,1.089,8.26446280991736,756888250.747995,903.821099861026,10919
"HLA-F*01",9,"One-field","HLA-F",9,NA,1.089,8.26446280991736,756888250.747995,903.821099861026,10919
